Naam,Stad,Rating,Reviews,Telefoon,E-mail,LinkedIn,Instagram,Website
MEIJERS | CANATAN ADVOCATEN - Strafrecht Advocaten Amsterdam,Amsterdam,4.9,82,020 638 3606,info@meijerscanatan.nl,,,https://www.meijerscanatan.nl/
Advocatenkantoor Van der Weide,Amsterdam,5,197,06 46023969,,,,https://www.advocatenkantoorvanderweide.nl/
Van der Meij Advocaten,Amsterdam,4.9,254,020 623 6721,herengracht@vandermeijadvocaten.nl,,,http://www.vandermeijadvocaten.nl/
Croon Davidovich Advocaten,Amsterdam,5,546,020 535 3370,,,,http://www.croondavidovich.nl/
WS Advocaten,Amsterdam,4.7,184,020 522 1999,snijders@wsadvocaten.nl,linkedin.com/company/wsadvocaten,@wsadvocatenamsterdam,https://www.wsadvocaten.nl/
Karami Advocatuur,Amsterdam,5,115,020 244 4864,info@karamiadvocatuur.nl,linkedin.com/in/karami-advocatuur-94a2001b7,@karamiadvocatuur.nl,http://www.karamiadvocatuur.nl/
Van Diepen Van der Kroef Advocaten,Amsterdam,4.9,27,020 574 7474,,linkedin.com/company/van-diepen-van-der-kroef-advocaten,,https://www.vandiepen.com/
Sarfaty Advocaten,Amsterdam,4.8,20,020 305 8383,info@sarfatyadvocaten.nl,linkedin.com/company/schramoosterveensarfaty-advocaten,,http://www.sarfatyadvocaten.nl/
Flinck Advocaten,Amsterdam,4.7,52,020 261 0234,info@flinckadvocaten.nl,linkedin.com/company/flinck-advocaten,,https://www.flinckadvocaten.nl/
L.A.W.,Amsterdam,4.9,225,020 244 6200,info@legaladvicewanted.nl,linkedin.com/company/legal-advice-wanted,@legaladvicewanted,http://legaladvicewanted.nl/
AMS Advocaten B.V.,Amsterdam,4.7,81,020 308 0315,info@amsadvocaten.nl,linkedin.com/company/ams-advocaten,@amsadvocaten,http://www.amsadvocaten.nl/?utm_source=google-my-business&utm_medium=organic
"Amstel Advocaten B.V. Vastgoed, Huurrecht, Buren-, VvE- en Bouwrecht",Amsterdam,4.5,34,020 528 9030,info@amsteladvocaten.nl,linkedin.com/company/547270,@amsteladvocaten,http://www.amsteladvocaten.nl/
Keizer Strafrecht,Amsterdam,5,44,06 20446860,keizer@kknm.nl,,,http://www.keizerstrafrecht.nl/
Advocatenkantoor Schmidt,Amsterdam,4.5,74,06 81898349,info@advocatenkantoorschmidt.nl,linkedin.com/in/mark-schmidt-05567028,,https://www.advocatenkantoorschmidt.nl/
Çatbaş Advocaten | Strafrecht | Criminal law,Amsterdam,4.9,55,06 41204253,%20info@catbas.nl,,,https://www.catbas.nl/
Beer advocaten,Amsterdam,4.6,114,020 673 2199,info@beeradvocaten.nl,linkedin.com/company/beer-advocaten,,http://www.beeradvocaten.nl/
Wijsman Advocatuur,Amsterdam,4.9,41,06 41017967,janwillem@wijsman.nu,,,https://www.wijsman.nu/
Advocaat Amsterdam,Amsterdam,5,1,085 051 6818,,,,https://notarisuden.wixsite.com/vergelijken
Wieringa Advocaten,Amsterdam,4,34,020 624 6811,wieringa@wieringa.nl,linkedin.com/company/wieringa-advocaten,,https://www.wieringa-advocaten.nl/
Bektesevic Ter Steeg Advocaten,Amsterdam,5,17,020 215 1503,info@btsadvocaten.nl,,,https://btsadvocaten.nl/
SAR Advocaten,Rotterdam,4.8,220,010 313 8944,info@sar-advocaten.nl,linkedin.com/in/dsarikas,@sar_advocaten,https://www.sar-advocaten.nl/
Moree Gelderblom,Rotterdam,4.7,341,010 477 6777,,linkedin.com/company/moree-gelderblom-advocaten,,http://www.moreegelderblom.nl/
Advocatenkantoor Soytekin,Rotterdam,4.8,85,010 226 2271,,linkedin.com/company/advocatenkantoor-soytekin,@advocatenkantoorsoytekin,http://www.soytekin.nl/
Advocatenkantoor Van Hecke,Rotterdam,5,60,010 313 5256,post@advocatenkantoorvanhecke.nl,,,http://www.advocatenkantoorvanhecke.nl/
Defence Advocaten,Rotterdam,4.9,114,010 322 0005,info@defence-advocaten.com,,,http://www.defence-advocaten.com/
Advocatenkantoor Özer,Rotterdam,5,119,010 322 0880,,linkedin.com/company/advocatenkantoor-ozer,@advocaat_ozer,http://www.ozer.law/
Lexys Advocaten B.V.,Rotterdam,4.7,78,010 600 2300,,linkedin.com/company/lexys-advocaten,,http://www.lexysadvocaten.nl/
SØRENSEN|ADVOCATEN,Rotterdam,4.9,67,010 249 2444,,,,https://sorensenadvocaten.nl/
Rotterdam Huurrecht Advocaat - rotterdamhuurrechtadvocaat,Rotterdam,5,10,010 360 2951,klantenservice@rotterdamhuurrechtadvocaat.com,,,https://sites.google.com/view/rotterdamhuurrechtadvocaat
LIONS Advocaten b.v.,Rotterdam,4.7,109,010 307 4272,,linkedin.com/company/lionsadvocaten,@lionsadvocaten,http://www.lionsadvocaten.nl/
Arslan Advocaten - Letselschade,Rotterdam,4.5,229,010 311 5500,info@arslan.nl,linkedin.com/company/arslan-,@arslanadvocaten,https://arslan.nl/
Le Cocq Blok Sandrk Advocaten,Rotterdam,4.9,77,010 476 0000,blok@lecocq-advocaten.nl,linkedin.com/in/esther-blok-260424b7,,http://www.lecocq-advocaten.nl/
Ploum,Rotterdam,3.7,46,010 440 6440,info@ploum.nl,linkedin.com/company/ploum,@werkenbijploum,http://www.ploum.nl/
Forsyte Advocaten,Rotterdam,4.6,13,085 110 4342,info@forsyte.nl,linkedin.com/company/forsyteadvocaten,@forsyteadvocaten,http://www.forsyte.nl/
e-Legal incasso advocaten | Incassorecht | Procesrecht | Huurrecht,Rotterdam,4.4,700,010 820 0284,info@e-legal.nl,linkedin.com/company/2219054,@e_legalincassoadvocaten,https://e-legal.nl/
Sett Advocaten en Belastingadviseurs | Advocaat Rotterdam | Lawyer Rotterdam,Rotterdam,5,57,010 313 2206,cmsett@settadvocaten.nl,,,https://www.settadvocaten.nl/
Diaz Letselschade Advocatuur,Rotterdam,5,64,06 18698391,,,,https://diazletselschadeadvocatuur.nl/
Linea Recta Advocatuur,Rotterdam,5,69,06 19281423,info@linearecta-advocatuur.nl,linkedin.com/company/linea-recta-advocatuur,,http://www.linearecta-advocatuur.nl/
Wybenga Advocaten,Rotterdam,4.1,26,010 214 0000,post@bolderadvocaten.nl,linkedin.com/company/bolder--advocaten,@werkenbijbolderadvocaten,http://www.bolderadvocaten.nl/
Advocatenkantoor Bloem,Rotterdam,4.9,55,010 261 4041,Gb@advocatenkantoorbloem.nl,,,http://www.advocatenkantoorbloem.nl/
Arslan & Ersoy,Den Haag,4.8,412,070 711 3330,info@arslanersoy.nl,linkedin.com/company/arslan-,,http://www.arslanersoy.nl/
GMW advocaten,Den Haag,4.8,398,070 361 5048,info@gmw.nl,linkedin.com/company/gmw-advocaten,@gmw.nl,https://www.gmw.nl/?utm_source=google&utm_medium=organic&utm_campaign=google-mijn-bedrijf
Nolet Advocaten,Den Haag,4.5,131,070 347 0111,info@nolet-advocaten.nl,,,http://www.nolet-advocaten.nl/
Advocatenkantoor Jordan Law Den Haag,Den Haag,4.9,52,070 209 2094,info@jordanlaw.nl,linkedin.com/in/mr-jeffrey-jordan-69487123,@mobirise,http://www.jordanlaw.nl/
Brugrecht advocaten,Den Haag,4.9,54,070 326 3281,info@brugrecht.nl,linkedin.com/company/brugrecht-advocaten,,https://www.brugrecht.nl/
FAIR Advocaten,Den Haag,4.5,127,070 204 0028,info@fairadvocaten.nl,linkedin.com/company/fairadvocaten,@fairadvocaten,http://fairadvocaten.nl/
Van Haeften & Braat Advocaten,Den Haag,4.8,67,070 205 4955,info@vhbadvocaten.nl,,,http://vhbadvocaten.nl/
Den Haag Huurrecht Advocaat | huurovereenkomsten,Den Haag,4.9,10,070 569 0837,,,,https://denhaaghuurrechtadvocaat.com/
Wigman & Sardjoe Advocaten,Den Haag,4.8,77,070 381 8915,,,,http://www.wigmansardjoe.nl/
FYRM. Advocaten,Den Haag,5,93,070 413 1100,,,,http://www.fyrm.law/
Yousef Advocatenkantoor,Den Haag,4.4,224,070 770 9047,,,,https://www.yousef.nl/
Çiçek Advocatuur,Den Haag,4.7,131,070 406 0428,info@cicekadvocatuur.nl,,@cicek.advocaat,http://www.cicekadvocatuur.nl/contact/
KCA Advocaten,Den Haag,4.9,45,070 214 7528,,,,https://kca-advocaten.nl/
Farber Zwaanswijk Advocaten,Den Haag,4.5,56,070 762 1080,info@fzadvocaten.nl,linkedin.com/in/tim-farber-95079ab,,https://www.fzadvocaten.nl/
Pro Deo Advocaat Den Haag,Den Haag,4.9,17,070 569 0159,,,,https://prodeoadvocaatdenhaag.net/
Den Haag Arbeidsrecht Advocaat,Den Haag,5,8,070 569 0824,,,,https://sites.google.com/view/denhaagarbeidsrechtadvocaat/
Özdemir Advocaten,Den Haag,3.7,44,06 24879551,info@ozdemir-advocaten.nl,linkedin.com/in/yasar-%C3%B6zdemir-3254b5b,,https://ozdemir-advocaten.nl/
Delissen Martens,Den Haag,4,100,070 311 5411,info@delissenmartens.nl,,,https://www.delissenmartens.nl/
Den Haag Pro Deo Advocaat,Den Haag,5,5,070 569 0813,,,,https://denhaagprodeoadvocaat.com/
Pieters Advocaten,Utrecht,4.4,139,030 271 8855,info@pietersadvocaten.nl,linkedin.com/in/stef-koolen-73a11114,,https://www.pietersadvocaten.nl/?utm_source=google_gmb&utm_medium=organic
Avant Advocaten,Utrecht,4.8,299,030 227 2927,,,,https://www.avantadvocaten.nl/
Schellart Advocaten - Arbeidsrecht advocaat Utrecht,Utrecht,5,78,030 287 7575,advocaten@schellart.nl,,,https://schellart.nl/
Berculo Advocaten | Mediation,Utrecht,4.8,22,030 231 8060,,,,http://www.berculo.nl/
VBK advocaten & notarissen,Utrecht,3.9,19,030 259 5959,,linkedin.com/company/van-benthem-,@bijvbk,http://www.vbk.nl/
Amice Advocaten Utrecht,Utrecht,4.9,33,030 230 0230,%20j.vanvliet@amice-advocaten.nl,linkedin.com/in/jeroen-van-vliet-846470b,,https://www.amice-advocaten.nl/
Advocatenkantoor Mateo Diaz,Utrecht,5,72,030 207 2545,info@mateodiaz.nl,linkedin.com/in/ymateodiaz,@meestermateodiaz,http://www.mateodiaz.nl/
noordzee advocaten,Utrecht,4.6,151,030 259 3423,cynthia@noordzeeadvocatenkantoor.nl,,,http://www.noordzeeadvocaten.nl/
Sijbrandij De Waard Advocaten,Utrecht,4.6,67,030 242 8599,naam@e-mailadres.nl,,,http://www.sdwadvocaten.nl/
Roozemond [+] De Haan advocaten,Utrecht,4.9,85,030 272 4500,hosting@v1.nl,linkedin.com/in/jaapwillemroozemond,,http://www.roozemonddehaan.nl/
Advocaat Familierecht Utrecht,Utrecht,4.8,17,030 369 1286,,,,https://advocaatfamilierechtutrecht.com/
TEAM Advocaten,Utrecht,4.2,31,030 252 3520,info@teamadvocaten.nl,linkedin.com/company/team-advocaten,,http://www.teamadvocaten.nl/
novi-advocaten,Utrecht,5,32,030 249 6644,,,,https://novi-advocaten.nl/
Van Andel Advocatenkantoor,Utrecht,4.8,13,030 223 0083,info@vanandeladvocatenkantoor.nl,,,http://www.vanandeladvocatenkantoor.nl/
Brugman Letselschade Advocaten Utrecht,Utrecht,4.7,52,0800 2784626,contact@advocatenkantoorbrugman.nl,linkedin.com/in/friso-brugman-35931122,,https://www.brugmanletselschadeadvocaten.nl/letselschade-advocaat/locaties/utrecht/?utm_source=gbp&utm_medium=organic&utm_campaign=Utrecht
Dolderman Letselschade Advocaten,Utrecht,4.9,34,085 024 0041,info@dlsa.nl,linkedin.com/company/dolderman-letselschade-advocaten,,https://dlsa.nl/
Cooman Advocatenkantoor,Utrecht,4.9,86,030 666 2446,info@coomanadvocatenkantoor.nl,,,http://www.coomanadvocatenkantoor.nl/
Ferme Letselschade,Utrecht,4.9,61,030 202 7004,info@ferme-advocaten.nl,,,https://ferme-letselschade.nl/?utm_source=google_gbp&utm_medium=organic&utm_campaign=website
Schoolplein Advocaten,Utrecht,3.9,16,030 231 3646,,,,http://www.schoolpleinadvocaten.nl/
Weening Strafrechtadvocaten,Utrecht,5,2,088 933 6464,mick@busybeesmarketing.nl,linkedin.com/company/weening-strafrechtadvocaten,@weeningstrafrechtadvocaten,https://www.strafrechtadvocaten.nl/?y_source=1_ODQwNTAxMS03MTUtbG9jYXRpb24ud2Vic2l0ZQ%3D%3D
Houben & Van Dijck Advocaten B.V.,Eindhoven,4.5,179,040 245 2555,info@hvdadvocaten.nl,linkedin.com/company/houben-,,http://www.hvdadvocaten.nl/
Lamers Tielemans Advocaten,Eindhoven,4.8,108,040 218 0515,info@lamerstielemans.nl,linkedin.com/company/lamers-tielemans-advocaten,,http://www.lamerstielemans.nl/
Yeniasci Letselschade Advocatuur B.V.,Eindhoven,4.9,489,040 304 0120,info@yeniasci.nl,,,http://www.yeniasci.nl/
Law & More Advocaten Eindhoven,Eindhoven,4.4,25,040 369 0680,info@lawandmore.nl,linkedin.com/company/5339401,@lawandmore,https://lawandmore.nl/
SMART Advocaten,Eindhoven,4.7,97,040 284 1172,info@smartadvocaten.nl,,,http://www.smartadvocaten.nl/
jouw advocaten B.V. | Eindhoven,Eindhoven,5,57,085 792 1279,welkom@jouw-advocaten.nl,linkedin.com/company/14068191,@jouwadvocaten,https://jouw-advocaten.nl/
Claassen Advocaten,Eindhoven,4.5,45,040 244 8970,info@claassenadvocaten.nl,linkedin.com/company/claassenadvocaten,,https://claassenadvocaten.nl/?utm_source=google_mijn_bedrijf&utm_medium=organisch&utm_campaign=gmb_account
Taylor Wessing,Eindhoven,4.5,35,088 024 3000,,linkedin.com/company/winston-taylor,@winstontaylor_llp,https://www.winstontaylor.com/locations
IXA Advocatuur,Eindhoven,4.9,86,06 21941651,info@ixa-advocatuur.nl,,,http://www.ixa-advocatuur.nl/
Boskamp & Willems Advocaten,Eindhoven,4.4,115,040 250 1414,advocaten@boskampwillems.nl,linkedin.com/company/boskamp-,,http://www.boskampwillems.nl/
Burgers De Moel Advocaten,Eindhoven,4.7,16,040 246 6600,info@burgersdemoel.nl,,,http://www.burgersdemoel.nl/
Sense Advocaten,Eindhoven,5,5,040 720 0730,info@fenderadvocaten.nl,linkedin.com/company/fender-advocaten,,http://www.senseadvocaten.nl/
Van de Laar Advocaten B.V.,Eindhoven,4.5,31,040 244 9942,,,,
Arbeidsadvocaat.nl B.V.,Eindhoven,5,93,085 060 6499,info@arbeidsadvocaat.nl,linkedin.com/company/arbeidsadvocaat,@arbeidsadvocaat.nl,http://arbeidsadvocaat.nl/
DAVARO Advocatuur,Eindhoven,5,26,06 51055761,%20info@davaro-advocatuur.nl,,,https://www.davaro-advocatuur.nl/
Law&Pepper Advocaten,Eindhoven,4.8,22,040 219 8430,,,,http://www.lawandpepper.com/
Van den Hoogen & Ruijters Advocaten,Eindhoven,3.7,38,040 212 4198,info@vdhradvocaten.nl,linkedin.com/in/pjvandenhoogen,,http://www.vdhradvocaten.nl/
Advocaten Willemstraat,Eindhoven,4.1,29,040 244 8519,info@advocatenwillemstraat.nl,,,http://www.advocatenwillemstraat.nl/
Pro Deo Advocaat Eindhoven,Eindhoven,4.8,14,040 369 0758,,,,https://prodeoadvocaateindhoven.com/
Brugman Letselschade Advocaten Eindhoven,Eindhoven,5,19,0800 2784626,contact@advocatenkantoorbrugman.nl,linkedin.com/in/steven-polak,,https://www.brugmanletselschadeadvocaten.nl/letselschade-advocaat/locaties/eindhoven/?utm_source=gbp&utm_medium=organic&utm_campaign=Eindhoven
VDT Advocaten,Tilburg,4.8,61,013 544 0400,lovetilburg@vdt-advocaten.nl,linkedin.com/company/2927350,,https://www.vdt-advocaten.nl/
VTH Advocatuur,Tilburg,4.5,138,013 470 0188,,,,http://www.vthadvocatuur.nl/
Berte Advocaten,Tilburg,4.6,42,013 535 3885,info@berteadvocaten.nl,,,http://www.berteadvocaten.nl/
LAWFOX Advocaten,Tilburg,4.7,89,013 207 7107,info@lawfox.nl,linkedin.com/company/lawfox-advocaten,@lawfox_advocaten,https://lawfox.nl/
De Haas en De Jong Advocaten en Mediators,Tilburg,3.9,54,013 536 2088,info@dehaas-dejong.nl,,,http://www.dehaas-dejong.nl/
AdvocatenCollectief Tilburg,Tilburg,4.2,80,013 463 6395,info@advocatencollectieftilburg.nl,,,https://advocatencollectieftilburg.nl/
De Voort Advocaten | Mediators,Tilburg,3.7,21,013 466 8888,advocaten@devoort.nl,linkedin.com/company/de-voort-advocaten-mediators,,https://www.devoort.nl/
Molkenboer & Van der Kolk Advocaten,Tilburg,3.9,47,013 542 6093,info@mvdk-advocaten.nl,,,http://www.mvdk-advocaten.nl/
Pro Deo Advocaat Tilburg | Van Linde,Tilburg,4.9,12,013 369 9434,,,,https://prodeoadvocaattilburg.com/
Forward Advocaten,Tilburg,4.1,12,088 600 7800,info@forwardadvocaten.nl,linkedin.com/company/forward-advocaten,,http://www.forwardadvocaten.nl/
dlb advocaten & mediators,Tilburg,4.8,22,013 207 0740,,linkedin.com/in/chantal-dekkers-8492ab25,,http://www.dlb-advocaten.nl/
MannaertsAppels Advocaten,Tilburg,3.8,9,013 583 8200,info@mannaertsappels.nl,linkedin.com/company/1649676,@mannaertsappels,http://www.mannaertsappels.nl/
Advocaat Familierecht Tilburg,Tilburg,4.8,12,013 369 9282,,,@advocaatfamilierechttilburg,https://advocaatfamilierechttilburg.com/
Maze Advocaten,Tilburg,5,16,085 486 9249,info@mazeadvocaten.nl,linkedin.com/company/maze-advocatuur,@mazeadvocaten,http://www.mazeadvocatuur.nl/
Woodrow & Van de Kerkhof Strafrechtadvocaten,Tilburg,4.9,15,013 208 6888,info@woodrowvandekerkhof.nl,,,http://www.woodrowvandekerkhof.nl/
Advocatenkantoor Assouiki,Tilburg,5,13,013 582 0300,info@assouiki.nl,,,https://www.assouiki.nl/
Koreman Advocatuur,Tilburg,5,26,013 234 0336,jckoreman@koremanadvocatuur.nl,linkedin.com/in/koremanjohn,,https://www.koremanadvocatuur.nl/
Linssen Advocaten,Tilburg,3.7,15,013 542 0400,linssen@linssen-advocaten.nl,linkedin.com/company/linssen-cs-advocaten,,http://www.linssen-advocaten.nl/
Tilburg Pro Deo Advocaat,Tilburg,4.9,15,013 369 9460,,,,http://tilburgprodeoadvocaat.com/
Bout Advocaten - Advocatenkantoor in Groningen,Groningen,4.6,102,050 314 0840,info@boutadvocaten.nl,linkedin.com/company/753747,,https://boutadvocaten.nl/
VYVRE Letselschade Advocaten,Groningen,5,316,050 211 0836,info@vyvre.nl,linkedin.com/company/vyvre-letselschade-advocaten,@vyvreletselschade,https://vyvre.nl/
Yspeert advocaten Groningen,Groningen,4.1,56,050 314 4280,info@yspeert.nl,linkedin.com/company/yspeert-advocaten,@yspeert_nl,http://www.yspeert.nl/
AbelnBron advocaten,Groningen,5,18,050 820 0450,info@abelnbron.nl,,,http://abelnbron.nl/
Advocaat Groningen - Schlepers Advocatuur,Groningen,4.5,66,050 211 0040,info@schlepersadvocatuur.nl,,,http://www.schlepersadvocatuur.nl/
DeHaan Advocaten en Notarissen,Groningen,3.6,44,050 575 7400,info@dehaanlaw.nl,linkedin.com/company/de-haan-advocaten-notarissen,@dehaanadvocatenennotarissen,http://www.dehaanlaw.nl/
Braak Advocaten,Groningen,4.7,49,050 209 1806,info@braakadvocaten.nl,linkedin.com/company/squarespace,,http://www.braakadvocaten.nl/
Zijde Letselschade Advocaten,Groningen,4.9,106,050 305 9470,info@zijdeletselschade.nl,,,https://zijdeletselschade.nl/
Stad Advocaten,Groningen,3.5,44,050 230 3277,info@stadadvocaten.nl,,,https://www.stadadvocaten.nl/
MK27 Strafrechtadvocaten,Groningen,4.8,51,050 318 8750,info@mk27.nl,,,http://www.mk27.nl/
EntzingerScheltinga Advocaten,Groningen,4.9,55,050 211 0890,info@entzingerscheltinga.nl,linkedin.com/company/entzingerscheltinga,@entzingerscheltinga,http://www.entzingerscheltinga.nl/
REIN Advocaten & Adviseurs Groningen,Groningen,4.3,23,050 205 3205,mail@rein.nl,linkedin.com/company/2284712,@rein_advocatenenadviseurs,https://rein.nl/
Dorhout Advocaten,Groningen,4.5,17,050 520 6520,,linkedin.com/company/dorhout-advocaten,,http://www.dorhout.nl/
TRIP Advocaten Notarissen,Groningen,3.9,39,050 599 7999,,linkedin.com/company/trip-advocaten-notarissen,@tripadvocatennotarissen,https://www.trip.nl/
Hemstra Advocatuur,Groningen,4.8,21,050 211 0892,info@hemstra-advocatuur.nl,,,https://www.hemstra-advocatuur.nl/
Advocatenkantoor Nieuwe Ebbingestraat,Groningen,4.3,19,050 312 2945,info@aknieuweebbingestraat.nl,,,http://www.aknieuweebbingestraat.nl/
Van der Burg Juristen,Groningen,4.8,62,085 401 7515,info@vanderburg-recht.nl,,,https://www.vanderburg-recht.nl/
Maartje Schaap Strafrechtadvocaten,Groningen,4.1,29,050 318 1344,,,,https://www.schaapstrafrecht.nl/
NORD Advocaten,Groningen,5,11,050 211 0066,,linkedin.com/in/koenkonings,,http://nord.legal/
Strix Advocaten,Groningen,3.9,17,050 366 3737,info@bierensvanboven.nl,linkedin.com/company/bierens-van-boven,,http://www.strixadvocaten.nl/
Wienen & van Tellingen Advocaten,Almere,4.5,147,036 820 0322,info@wvtadvocaten.nl,,,http://www.wvtadvocaten.nl/
Groen Caubo Montessori Advocaten,Almere,4.6,77,036 548 6110,info@gcmadvocaten.nl,,,http://www.gcmadvocaten.nl/
Swart Advocaten Almere,Almere,4.1,31,036 760 1848,info@ys-advocaten.nl,,,http://www.swartlaw.nl/
Almere Arbeidsrecht Advocaat,Almere,5,10,036 369 0398,,,,https://sites.google.com/view/almerearbeidsrechtadvocaat/
Advocaat Familierecht Almere,Almere,4.8,13,036 369 0332,,,,https://advocaatfamilierechtalmere.com/
FG Advocatuur,Almere,4.7,39,036 525 4287,info@fgadvocatuur.nl,,,http://www.fgadvocatuur.nl/
Almere Familierecht Advocaat,Almere,4.9,11,013 369 9454,,,,https://almerefamilierechtadvocaat.com/
Huurrecht Advocaat Almere,Almere,4.9,15,036 369 0376,,,,https://huurrechtadvocaatalmere.com/
Almere Huurrecht Advocaat - huurrechtprofessional,Almere,5,9,036 369 0412,klantenservice@almerehuurrechtadvocaat.com,,,https://sites.google.com/view/almerehuurrechtadvocaat
DL Advocatuur,Almere,4.7,30,036 203 0438,,,,http://www.dl-advocatuur.nl/
Roelofs en Drubbel Advocaten,Almere,4.7,12,036 526 0933,info@asb-law.nl,,,https://www.directadvocaatnodig.nl/
Luns • Van der Velden Advocaten,Almere,4.7,30,036 200 2115,info@l-vdv.nl,,,https://www.l-vdv.nl/
Cleerdin & Hamer Advocaten,Almere,3.6,28,036 535 8080,info@cleerdin-hamer.nl,linkedin.com/company/cleerdin-,@cleerdinhamer,http://cleerdin-hamer.nl/
Advocatenkantoor Zuiver Recht,Almere,5,12,036 234 0000,welkom@zuiverrecht.nl,linkedin.com/in/nilsjonker,,http://www.zuiverrecht.nl/
Alpha Advocaten,Almere,4.2,30,036 547 1060,info@alpha-advocaten.nl,,,http://www.alpha-advocaten.nl/
Advocatenkantoor A. Streefkerk,Almere,4.4,35,036 202 4060,info@as-advocatuur.nl,linkedin.com/in/annet-streefkerk-,,http://www.as-advocatuur.nl/
Den Besten Advocatuur,Almere,4.3,27,06 55307445,denbesten@denbestenadvocatuur.nl,,,https://www.denbestenadvocatuur.nl/
Almere Pro Deo Advocaat,Almere,4.9,13,036 369 0394,,,,https://sites.google.com/view/almereprodeoadvocaat
Zoutberg & Zoutberg Advocaten,Almere,4.5,31,036 845 0136,info@zzadvocaten.nl,linkedin.com/company/zoutberg-zoutberg-advocaten,,http://www.zzadvocaten.nl/
Lischer & Milani Advocaten,Almere,4.7,12,085 483 3128,info@lischermilani.nl,,,http://www.lischermilani.nl/
Singel Advocaten,Breda,4.8,376,076 531 9583,info@singeladvocaten.nl,linkedin.com/company/756500,,https://www.singeladvocaten.nl/
Raedsman | Juridische professionals,Breda,4.9,66,085 087 2024,info@raedsman.com,linkedin.com/company/raedsman-com,,https://www.raedsman.com/
"Hörchner Advocaten (Strafzaken, letselschade, milieu)",Breda,4.9,40,076 531 4141,info@horchneradvocaten.nl,linkedin.com/in/rogier-h%C3%B6rchner-84061620,,http://www.horchneradvocaten.nl/
Advocaat in Breda,Breda,4.8,16,076 513 9308,,,,https://www.advocaatinbreda.nl/
Sneep Advocaten,Breda,4.9,63,076 799 6040,info@sneepadvocaten.nl,linkedin.com/company/sneep-advocaten,,https://sneepadvocaten.nl/
Advocaat erfrecht Breda | Hoppenbrouwers Advocatuur,Breda,5,9,076 230 5048,info@hoppenbrouwers-advocatuur.nl,linkedin.com/in/amhoppenbrouwers,,http://www.hoppenbrouwers-advocatuur.nl/
Koch Advocaten B.V.,Breda,4.3,39,076 522 6470,info@kochadvocaten.nl,linkedin.com/company/koch-advocaten,,http://www.kochadvocaten.nl/
Arcus Letselschade,Breda,4.9,255,076 700 2775,info@arcusletselschade.nl,,,http://www.arcusletselschade.nl/
Vreemdelingenrecht Advocaat Breda,Breda,5,16,076 204 3101,info@defensa.nu,,,https://www.vreemdelingenrechtadvocaatbreda.nl/
Rassers Advocaten,Breda,3.7,22,076 513 6136,info@rassers.nl,linkedin.com/company/rassers-advocaten,,https://rassers.nl/
Van Iersel Luchtman Advocaten,Breda,4.4,7,088 908 0800,,,,http://www.vil.nl/
Blue Legal advocaten | bedrijfsjuristen,Breda,4.8,12,076 521 3536,office@blue-legal.nl,linkedin.com/in/jangerritkroon,@bluelegal.advocaten,http://www.blue-legal.nl/
Breda Huurrecht Advocaat,Breda,5,7,076 369 0463,,,,https://bredahuurrechtadvocaat.com/
KentieThomas Advocaten en Mediators bij Scheiding Breda,Breda,4.9,19,085 300 1070,info@kentiethomas.nl,linkedin.com/in/advocaat-anouk-thomas,@kentiethomas,http://www.kentiethomas.nl/
Breda Pro Deo Advocaat,Breda,4.9,12,076 369 0443,,,,https://sites.google.com/view/bredaprodeoadvocaat
Raetsluy Advocaten,Breda,4,8,076 531 0393,info@raetsluy.nl,linkedin.com/company/69269203,,https://raetsluy.nl/
Hertoghs advocaten,Breda,4.3,9,088 520 2266,info@hertoghsadvocaten.nl,linkedin.com/company/2717848,@hertoghs_advocaten,http://www.hertoghsadvocaten.nl/
ROKS LAW,Breda,5,26,076 514 4208,info@rokslaw.nl,linkedin.com/in/joris-roks-4a70b01,,https://www.rokslaw.nl/
Forza Advocaten B.V.,Breda,5,3,076 720 0909,e.butterman@forza-advocaten.nl,linkedin.com/in/ernstbutterman,,https://www.forza-advocaten.nl/
Dick. Advocaat & Mediator,Breda,5,11,06 53804096,,linkedin.com/in/dickschreuder,@dick.schreuder,https://www.dick-advocaat.nl/
Grip Advocaten,Nijmegen,4.9,178,024 220 0101,info@gripadvocaten.nl,linkedin.com/company/gripadvocaten,@gripadvocaten,https://www.gripadvocaten.nl/
IJzer Advocaten,Nijmegen,4.9,152,024 303 0365,info@ijzeradvocaten.nl,linkedin.com/company/ijzer-advocaten,@ijzeradvocaten,https://www.ijzeradvocaten.nl/
Wildenberg Advocaten,Nijmegen,4.6,92,024 323 9680,info@wildenbergadvocaten.nl,linkedin.com/company/wildenberg-advocaten,@wildenbergadvocaten,https://www.wildenbergadvocaten.nl/?utm_source=google&utm_medium=organic&utm_campaign=gmb
Sahin en Stoetzer Advocaten,Nijmegen,4.8,121,024 360 5566,,,,http://www.sensadvocaten.com/
DUX advocaten,Nijmegen,4.9,49,085 222 9000,info@duxadvocaten.nl,,,http://www.duxadvocaten.nl/
Wools Bloemen van Schaijk Advocaten,Nijmegen,4.9,28,024 360 0923,info@wbvs-advocaten.nl,,,http://www.wbvs-advocaten.nl/
Poelmann van den Broek advocaten,Nijmegen,4.1,15,085 049 0900,info@pvdb.nl,linkedin.com/company/poelmann-van-den-broek-advocaten,@poelmannvandenbroek,https://www.poelmannvandenbroek.nl/
Van Schie Advocaten,Nijmegen,4.4,28,024 323 8844,info@vanschieadvocaten.nl,,,http://www.vanschieadvocaten.nl/
Guyot advocaten,Nijmegen,5,27,024 329 7877,info@guyotadvocaten.nl,,,http://www.guyotadvocaten.nl/
Heijltjes Advocaten,Nijmegen,4.9,55,024 322 2255,info@heijltjes.nl,linkedin.com/company/heijltjes-advocaten,,https://www.heijltjes.nl/
RAAF advocaten,Nijmegen,4.8,20,024 679 3747,info@raafadvocaten.nl,linkedin.com/company/10792261,,http://www.raafadvocaten.nl/
Verweij Advocaten,Nijmegen,3.9,34,024 324 3709,info@verweijadvocaten.nl,linkedin.com/company/verweij-letselschade-advocaten,@verweijadvocaten,http://www.verweijadvocaten.nl/
Brunet Advocaten,Nijmegen,4.1,22,024 381 0990,,,,http://www.brunet.nl/
Nijmegen Pro Deo Advocaat,Nijmegen,5,6,024 669 0351,,,,https://nijmegenprodeoadvocaat.com/
Kop Advocaten,Nijmegen,4.5,12,024 737 0376,mail@kopadvocaten.nl,linkedin.com/company/kopadvocaten,,https://www.kopadvocaten.nl/
Pro Deo Advocaat Nijmegen,Nijmegen,4.9,16,024 669 0334,,,,https://prodeoadvocaatnijmegen.com/
Nijmegen Arbeidsrecht Advocaat,Nijmegen,5,3,024 669 0368,,,,https://nijmegenarbeidsrechtadvocaat.com/
Acta Advocaten,Nijmegen,4,18,024 323 9016,,,,http://www.acta-advocaten.nl/
Van Vliet Advocaten,Nijmegen,3.9,16,024 360 3955,info@vanvlietadvocaten.nl,linkedin.com/company/van-vliet-advocaten,,http://www.vanvlietadvocaten.nl/
Advocatenkantoor Kremer & Eris,Nijmegen,5,16,024 373 2602,,linkedin.com/company/yourhostingnl,,http://www.advocatenkantoor-kremer.nl/
Parmentier Advocaten,Haarlem,4.9,100,023 531 3111,,,,https://parmentieradvocaten.nl/
Köster Advocaten N.V.,Haarlem,4.7,46,023 512 5025,info@kadv.nl,,,http://www.kadv.nl/
Sec Arbeidsrecht,Haarlem,5,388,023 531 7696,info@secarbeidsrecht.nl,linkedin.com/in/charlottebuijsman,,https://www.secarbeidsrecht.nl/
SVK Advocatuur,Haarlem,4.9,119,023 234 0977,info@svk-advocatuur.nl,,,https://www.svk-advocatuur.nl/
Haarlem Pro Deo Advocaat,Haarlem,5,3,023 369 9048,,,,https://haarlemprodeoadvocaat.com/
WK Advocaten,Haarlem,4.8,147,023 710 0022,info@wkadvocaten.nl,,,http://www.wkadvocaten.nl/
Haarlem Arbeidsrecht Advocaat,Haarlem,5,10,023 369 9065,,,,https://haarlemarbeidsrechtadvocaat.com/
Pro Deo Advocaat Haarlem,Haarlem,4.9,14,023 369 0185,,,,https://prodeoadvocaathaarlem.com/
Tanger Advocaten Haarlem,Haarlem,4.6,21,023 512 1400,,,,http://www.tanger.nl/
Van Wassenaer Wytema,Haarlem,4.9,70,023 820 0690,info@vanww.nl,linkedin.com/company/9236064,@letseladvocaat,http://www.vanww.nl/
Oass Advocaten,Haarlem,4.5,97,023 531 1077,,,,http://www.oass.nl/
Haarlem Huurrecht Advocaat,Haarlem,5,8,023 369 9064,,,,https://haarlemhuurrechtadvocaat.com/
Haarlem Familierecht Advocaat,Haarlem,4.9,9,023 369 9054,,,,https://haarlemfamilierechtadvocaat.com/
Vaardige Advocaat BV,Haarlem,4.7,29,023 781 0007,,,,https://www.vaardigeadvocaat.nl/
Kalbfleisch Advocaten,Haarlem,4.2,35,023 532 5177,,,,http://www.kalbfleisch.nl/
Wolf Advocaten,Haarlem,4.4,20,023 551 5188,info@wolfadvocaten.nl,linkedin.com/company/1307037,,http://www.wolfadvocaten.nl/
HvH Advocaten,Haarlem,5,11,023 737 0414,,,,http://www.hvhadvocaten.nl/
Meijer & Van der Vlis Advocaten,Haarlem,4.4,88,023 534 7156,info@mvadvocaten.nl,,@meijer_sarin_advocaten,http://www.mvadvocaten.nl/
Vreemdelingenrecht advocaat Haarlem,Haarlem,5,1,088 584 8868,,,,https://www.vreemdelingen-advocaat.nl/
SVZ Advocaten,Haarlem,5,24,023 303 4318,,,,http://svz-advocaten.nl/
MHA Advocaten,Arnhem,4.4,76,026 322 9147,reactie@mha-advocaten.nl,,,http://www.mha-advocaten.nl/
Roethof Advocaten,Arnhem,4.5,113,026 370 5070,info@roethofadvocaten.nl,,,https://www.roethofadvocaten.nl/
Advocatenkantoor Phea,Arnhem,4.9,47,026 202 2032,info@advocatenkantoorphea.nl,linkedin.com/company/advocatenkantoor-phea-llp,,https://www.advocatenkantoorphea.nl/
Corbeek Oudshoorn Advocaten,Arnhem,4.9,58,026 800 1243,info@co-advocaten.nl,linkedin.com/company/corbeek-oudshoorn-advocaten,,https://co-advocaten.nl/
Stellicher advocaten,Arnhem,4.4,18,026 377 7111,,linkedin.com/company/10831762,@stellicheradvocaten,http://www.stellicher.nl/
Vangoud Advocaten B.V.,Arnhem,4.4,5,026 443 5020,info@vangoud.nl,,,http://www.vangoud.nl/
LiebregtsLeistra Advocaten,Arnhem,5,37,026 382 6417,info@liebregtsleistra.nl,linkedin.com/company/liebregtsleistra,,http://www.liebregtsleistra.nl/
Özkara Advocaten,Arnhem,4.5,72,026 351 0004,info@ozkaraadvocaten.nl,,@av.ismetozkara,https://ozkaraadvocaten.nl/
BdH Advocaten,Arnhem,4.6,24,026 445 3552,pool@bdhadvocaten.nl,,,http://www.bdhadvocaten.nl/
Schaderecht Advocatuur,Arnhem,4.8,43,085 800 8080,info@schaderecht.nl,linkedin.com/in/peter-van-huizen-advocaat-letselschade-aansprakelijkheid-verzekeringsrecht,,http://www.schaderecht.nl/
Can Advocatuur,Arnhem,4.9,162,06 24152784,gurcan@canadvocatuur.nl,linkedin.com/in/ercan-g,@ercan_gurcan1983,https://canadvocatuur.nl/
Ünalan Advocaten,Arnhem,4.6,45,026 205 7777,info@unalanadvocaten.nl,,,http://www.unalanadvocaten.nl/
Pro Deo Advocaat Arnhem,Arnhem,4.9,12,026 669 0432,,,,https://prodeoadvocaatarnhem.com/
Advocaat Familierecht Arnhem,Arnhem,4.9,15,026 669 0289,,,,https://advocaatfamilierechtarnhem.com/
Arnhem Familierecht Advocaat,Arnhem,4.9,8,026 669 0460,,,,http://arnhemfamilierechtadvocaat.com/
Hijink Advocaten Letselschade,Arnhem,4.5,42,026 442 3913,info@hijink.com,linkedin.com/company/hijink-advocaten-lawyers,@hijinkadvocaten,https://www.hijink.com/
SPARK Advocaten,Arnhem,4.8,17,06 42428191,frijns@sparkadvocaten.nl,,,http://www.sparkadvocaten.nl/
Huurrecht Advocaat Arnhem | Advocaat Huurgeschillen,Arnhem,4.9,10,026 669 0437,,,,https://huurrechtadvocaatarnhem.com/
Van 't Hullenaar & partners advocaten,Arnhem,4.1,18,026 370 8825,info@vhpadvocaten.nl,,@vhpadvocaten,http://www.vhpadvocaten.nl/
Anik Advocatuur - Advocatenkantoor Arnhem,Arnhem,3.4,15,026 303 0040,,,,https://www.anikadvocatuur.nl/
